Actual,Predicted
47700.0,50921.0
45800.0,70244.5
500001.0,464703.4
218600.0,258147.5
278000.0,267298.0
158700.0,162838.0
198200.0,222503.01
157500.0,167379.5
340000.0,291298.055
446600.0,484233.23
123200.0,133263.5
253900.0,204215.0
215100.0,173011.0
220500.0,205960.5
219800.0,252604.0
136200.0,176338.5
178400.0,193502.505
187500.0,180860.0
139800.0,162021.0
137500.0,91722.5
425000.0,344163.07
405600.0,460174.92
138800.0,148218.5
500001.0,427376.36
162100.0,183216.0
51400.0,58334.5
151300.0,166435.5
94800.0,101484.0
204100.0,151924.5
361500.0,398637.585
85100.0,94293.5
138400.0,165347.005
137500.0,204267.04
465000.0,463708.475
271800.0,288367.5
239400.0,258463.505
340900.0,340685.06
150400.0,162465.5
128100.0,137564.0
156000.0,172996.5
258100.0,321060.075
90500.0,98803.0
71300.0,118587.5
219700.0,186119.0
151000.0,148081.5
290100.0,216126.0
142000.0,131436.5
291500.0,166450.0
255400.0,249633.51
98100.0,102826.5
251900.0,261135.0
162100.0,196308.0
129400.0,155322.5
89400.0,68540.5
150500.0,140966.0
133800.0,136396.5
80400.0,80311.5
211100.0,230810.5
255600.0,301468.105
214500.0,195787.5
500001.0,370432.615
202100.0,329986.19
81500.0,113289.0
98800.0,109579.0
281900.0,282390.005
184600.0,187267.0
254700.0,133729.005
143100.0,146822.5
162500.0,170638.505
142600.0,156811.015
85900.0,124680.0
186900.0,203716.5
71300.0,92027.0
174400.0,167005.0
225000.0,226429.5
146500.0,179855.5
405000.0,410473.73
189600.0,215058.0
164400.0,178163.5
337500.0,342097.28
72500.0,74214.5
143800.0,191062.0
160000.0,188966.0
118100.0,177661.5
374000.0,437459.945
202700.0,249379.515
96600.0,90436.5
65800.0,74757.0
167400.0,180332.5
179800.0,197275.5
96700.0,120802.5
266100.0,250237.0
91100.0,120182.5
49800.0,48711.5
90700.0,118722.5
115800.0,124770.5
278600.0,426253.81
250000.0,172273.5
85000.0,209800.0
177000.0,172976.5
99700.0,136419.0
357600.0,442328.665
475000.0,329498.185
273600.0,295967.55
182400.0,178546.0
157800.0,175308.0
193800.0,189710.015
333600.0,401684.115
264600.0,257853.5
58400.0,91208.0
173400.0,251218.005
214800.0,251862.005
200000.0,311023.64
422800.0,397937.6
93600.0,120494.0
122200.0,223195.525
167600.0,183587.505
303600.0,279689.05
269300.0,217545.51
264400.0,249938.5
191000.0,200708.0
153800.0,145236.0
275500.0,283085.505
208800.0,220390.01
142300.0,155248.5
63500.0,70280.5
95800.0,108614.5
231700.0,217582.5
221500.0,248738.0
89500.0,102688.0
226000.0,300970.51
500001.0,495903.44
270200.0,276674.5
59600.0,92190.0
193300.0,215081.0
133600.0,119145.0
161900.0,229145.53
357500.0,287870.505
276500.0,240264.0
410700.0,281142.015
375000.0,210085.0
135200.0,138164.0
167200.0,153284.5
252000.0,250155.525
308400.0,410919.15
172100.0,169744.54
500001.0,444479.83
193800.0,243900.04
105200.0,106194.0
90800.0,102392.5
168800.0,206046.5
162100.0,125901.5
161200.0,164698.5
137500.0,153741.0
289300.0,279822.515
278700.0,292516.52
161700.0,186256.0
231000.0,259092.505
87500.0,100789.995
95700.0,101168.5
240600.0,268843.055
214100.0,221041.0
428600.0,393826.02
125000.0,274284.605
76400.0,82901.5
263800.0,299556.005
120400.0,206090.0
109100.0,99180.5
170600.0,212636.505
257400.0,261587.0
320000.0,288221.505
289600.0,270737.035
307300.0,293199.005
325500.0,345405.18
58400.0,60721.0
48500.0,65896.475
216700.0,135447.015
97900.0,95166.5
158600.0,153352.0
69000.0,79436.5
322300.0,325231.005
467700.0,346066.565
163000.0,161682.0
287100.0,276947.01
54600.0,58239.0
90400.0,104333.5
155500.0,166607.5
175000.0,258179.005
411200.0,458291.96
332100.0,286160.505
141200.0,149824.5
247100.0,290794.545
153000.0,152574.0
155000.0,152507.0
390800.0,146151.5
90000.0,77047.0
196700.0,213193.0
68200.0,88776.0
500001.0,500001.0
92100.0,131405.5
297900.0,282523.0
500001.0,443003.255
332300.0,296856.51
171100.0,202652.0
152100.0,185564.515
232000.0,238317.5
127100.0,108296.5
87500.0,119565.485
203400.0,195350.5
228600.0,235677.5
116700.0,107521.0
416700.0,500001.0
227600.0,271857.505
267900.0,322156.54
97200.0,123006.5
137500.0,155892.51
198800.0,183504.5
68600.0,60651.5
352500.0,265237.5
103800.0,108991.5
107800.0,125012.0
131700.0,174978.0
271300.0,272229.005
97300.0,137758.0
95000.0,98461.5
67500.0,174666.0
326100.0,321277.01
65600.0,85506.5
225600.0,258719.505
263800.0,324639.535
348300.0,343277.025
325000.0,326529.005
108800.0,120797.0
400000.0,404368.685
138400.0,135540.5
61000.0,74646.0
453100.0,435068.13
500001.0,499323.975
120200.0,143527.0
329200.0,238186.0
196300.0,252820.505
150000.0,101981.5
152000.0,185653.0
169900.0,186231.0
137500.0,154140.505
283000.0,226902.0
404500.0,377004.335
193500.0,211669.0
205100.0,209671.515
145600.0,146864.0
225000.0,107116.5
215900.0,203021.5
158500.0,149265.0
124700.0,143200.0
65400.0,65108.5
280200.0,245183.0
180500.0,174228.0
105400.0,119952.0
100000.0,131004.505
166300.0,154270.5
158000.0,209239.52
243800.0,265523.0
362900.0,373653.05
201900.0,188080.0
52600.0,68062.0
500001.0,441836.835
112000.0,105866.0
225000.0,276858.61
439900.0,387527.09
88300.0,114044.0
500001.0,500001.0
276800.0,220399.5
179200.0,171374.5
199700.0,186263.5
132000.0,151784.505
61300.0,153798.0
171900.0,222747.5
123800.0,142156.0
135300.0,119725.0
137100.0,184094.5
129300.0,163047.5
227900.0,262083.545
94400.0,111893.5
103500.0,128928.0
320800.0,345532.73
125000.0,396915.85
332400.0,307222.52
159100.0,147176.0
236900.0,288362.0
461600.0,448632.48
156900.0,161742.5
148200.0,86238.5
166500.0,158324.5
196900.0,219674.5
167800.0,191307.5
126700.0,102486.0
500001.0,374871.625
57900.0,62082.0
238000.0,253395.5
142000.0,177327.0
86900.0,105666.0
56000.0,73205.5
500001.0,457655.36
112400.0,136306.0
63600.0,84132.0
431300.0,448722.14
265900.0,197555.5
58000.0,57426.5
194100.0,289324.0
142800.0,187336.0
178700.0,171194.5
187500.0,214909.02
225000.0,198192.0
313000.0,295859.59
500001.0,500001.0
153600.0,166669.0
62300.0,93927.0
194500.0,184523.0
163900.0,163722.5
398800.0,278815.51
204100.0,242357.01
199300.0,298931.555
176700.0,181459.5
500001.0,483153.235
248900.0,199957.0
150000.0,165606.0
231700.0,214749.5
58000.0,109999.5
126000.0,130040.0
163300.0,166731.0
113400.0,125780.5
300000.0,250127.5
310900.0,333919.53
218800.0,211460.505
70400.0,74128.5
237700.0,292456.505
118800.0,120071.0
73100.0,63469.5
75000.0,76292.0
450700.0,453976.51
240200.0,230113.5
65800.0,68073.0
64700.0,74599.485
175100.0,178032.0
223700.0,211990.0
96300.0,116990.0
405100.0,405583.685
376800.0,321577.01
500001.0,497546.95
350000.0,194283.5
162500.0,211773.51
177300.0,191105.0
98400.0,95769.0
138800.0,124608.0
175000.0,286060.02
260900.0,231110.5
104700.0,74727.495
159500.0,201069.5
295900.0,286737.52
137500.0,201074.025
500001.0,429488.845
227000.0,258265.505
263900.0,268008.0
160400.0,142891.5
142000.0,140897.0
162500.0,168047.0
230400.0,226436.5
500001.0,462167.865
217700.0,280660.5
183000.0,187053.5
245800.0,206499.5
129200.0,140288.0
60400.0,65514.0
67500.0,95538.0
295200.0,295206.52
192600.0,214332.0
150600.0,159335.5
125700.0,160450.0
63400.0,82874.5
151300.0,157464.5
245600.0,347734.53
500001.0,488135.625
165500.0,183682.0
113500.0,115039.0
322200.0,334372.085
362500.0,437728.84
69600.0,76521.5
156100.0,152144.0
87500.0,116278.5
193100.0,207492.0
218000.0,206160.0
101800.0,95889.0
129100.0,114936.0
156300.0,81014.5
183200.0,184450.5
148100.0,159187.0
500001.0,500001.0
222100.0,310589.085
167600.0,175750.0
184500.0,216009.5
370000.0,361686.555
239400.0,245402.5
166700.0,166358.5
233300.0,189345.0
240000.0,286026.0
91300.0,110497.0
483500.0,487658.81
150500.0,181350.505
99500.0,114160.5
240200.0,213918.0
95500.0,121039.0
500001.0,498129.455
251600.0,224225.5
120800.0,123311.505
135700.0,136748.0
225400.0,228887.0
500001.0,401472.075
85100.0,117604.5
500001.0,374844.715
164800.0,159279.5
111600.0,136455.0
161000.0,144325.5
213700.0,215570.5
116500.0,125829.0
350000.0,293380.21
159900.0,184986.5
438300.0,263920.51
171100.0,178520.5
271100.0,346138.5
500001.0,265303.51
68000.0,94021.5
191700.0,208547.0
255900.0,253333.0
112500.0,132893.5
182200.0,160769.5
347600.0,320684.52
332000.0,285623.505
110900.0,125138.5
211900.0,207886.0
262500.0,235270.005
237900.0,254566.505
90000.0,119080.5
427200.0,415599.72
370500.0,318998.545
116300.0,124114.0
170800.0,174248.5
285500.0,339827.03
111500.0,123624.5
83200.0,116578.5
248200.0,247538.51
395500.0,363850.56
218300.0,238120.015
500001.0,462171.54
88900.0,90851.5
181000.0,174478.0
280900.0,324416.0
345300.0,315621.065
181000.0,227772.0
192200.0,228228.0
78100.0,66610.0
75000.0,107153.495
433300.0,417680.67
160100.0,151667.5
109200.0,178479.0
96200.0,125651.5
191400.0,160789.0
360000.0,202999.525
185600.0,245384.0
118800.0,107692.5
122700.0,127422.005
206300.0,203694.0
195600.0,137339.5
75600.0,89841.5
104300.0,115109.5
385900.0,408560.715
113900.0,128210.5
79400.0,89188.505
81300.0,67554.0
129200.0,174789.5
73500.0,94368.5
175900.0,179936.0
142400.0,160555.0
234100.0,298819.515
286700.0,332690.505
92500.0,118809.5
170100.0,151579.0
161800.0,157532.0
225300.0,235932.0
170600.0,167970.5
319400.0,304415.525
95800.0,87420.0
73400.0,90634.5
93600.0,103859.0
51700.0,54941.5
358700.0,387910.12
64700.0,70432.0
344200.0,311793.505
314000.0,345122.01
185700.0,236235.5
279300.0,255529.5
119400.0,164584.0
280400.0,293087.52
187100.0,199816.0
83800.0,80198.0
309300.0,262217.01
229200.0,306195.515
245000.0,231063.5
227600.0,310395.095
500001.0,471899.095
320800.0,248688.005
147300.0,140834.5
162300.0,190215.0
265900.0,291344.03
500001.0,427979.905
189100.0,209575.0
316400.0,364711.14
181900.0,178096.5
261500.0,217102.515
69000.0,68551.5
181300.0,285125.07
293000.0,308837.0
111100.0,129265.5
218300.0,209549.5
147200.0,141758.0
243800.0,156260.005
223000.0,219078.5
137500.0,186969.51
60600.0,66317.0
275000.0,169072.055
350000.0,234147.595
171200.0,174175.5
83500.0,90885.5
225000.0,256983.555
165600.0,210813.0
152000.0,161175.0
192000.0,223082.5
254200.0,292602.5
150000.0,108277.5
212500.0,207850.5
80400.0,70798.0
206500.0,253838.0
331100.0,366141.62
201400.0,253113.52
188400.0,182578.0
195400.0,215785.565
442500.0,419435.7
152700.0,185080.5
500001.0,500001.0
239800.0,241752.0
159400.0,119327.5
91800.0,123218.0
240900.0,254203.5
136400.0,141818.0
103600.0,117829.5
132500.0,127564.5
292900.0,308873.505
62800.0,95384.5
112100.0,113745.5
89100.0,88769.0
120700.0,137179.0
471400.0,440288.53
314700.0,373248.78
226400.0,223750.005
409700.0,245899.05
149000.0,138860.0
171700.0,373524.75
235500.0,312414.055
322800.0,305297.1
244500.0,275436.5
162200.0,171929.5
340900.0,384522.605
57400.0,53494.5
198900.0,221020.505
109700.0,185917.5
137500.0,127458.0
85700.0,106783.0
98300.0,92074.5
178200.0,168686.5
137500.0,350347.335
275000.0,351654.5
381500.0,326552.025
500001.0,495083.405
500001.0,486874.73
179200.0,132825.5
204500.0,243025.505
394100.0,423506.7
184400.0,185152.0
174000.0,169657.5
80700.0,97487.0
189600.0,185165.5
60000.0,78345.0
126600.0,109761.5
262500.0,225916.015
139200.0,148163.0
51300.0,51324.0
229200.0,260288.51
101100.0,128984.5
97700.0,105214.0
158300.0,148383.0
349100.0,376303.505
85500.0,93092.5
214100.0,233514.01
227100.0,234096.0
155700.0,144516.0
66800.0,77284.5
207300.0,216738.0
222800.0,213297.0
354500.0,403282.6
340500.0,371371.58
52900.0,64019.0
140600.0,172339.0
150800.0,174456.5
56100.0,58634.0
259600.0,278421.515
318900.0,296272.0
148400.0,186625.0
289900.0,210843.0
161800.0,243562.51
255000.0,237736.005
87500.0,129302.5
245000.0,324716.005
305000.0,329099.525
215000.0,227586.0
249000.0,289553.53
500001.0,500001.0
320000.0,327110.07
174000.0,177880.5
292500.0,262396.0
500001.0,450385.47
289900.0,326503.08
438400.0,375268.13
182000.0,204650.505
170500.0,191545.005
69200.0,74328.5
95600.0,122439.505
272800.0,340487.05
81300.0,147771.0
272400.0,282948.0
152600.0,164506.5
55900.0,77469.5
213500.0,240662.0
331300.0,131278.0
201800.0,201324.0
57100.0,79119.5
331800.0,398495.135
365900.0,236940.5
127500.0,105101.0
111800.0,106677.0
353700.0,292246.51
229300.0,237199.515
87500.0,91115.5
237500.0,226161.015
113300.0,89720.5
112500.0,106631.5
138500.0,111218.5
307400.0,325829.04
100900.0,103211.5
97800.0,91469.5
176700.0,226699.5
218000.0,165019.5
290600.0,190128.0
157700.0,195767.0
348000.0,344073.005
67200.0,94573.5
260400.0,250940.0
123600.0,122290.0
67500.0,63537.0
130700.0,146521.0
66000.0,81333.5
166600.0,183587.5
225600.0,247490.035
257100.0,219142.5
500001.0,487103.985
113900.0,117024.5
91000.0,129576.0
217400.0,164940.0
96000.0,109552.5
129200.0,118413.0
350200.0,338094.51
442100.0,492322.065
222900.0,156287.5
81300.0,85901.0
160600.0,163430.0
500001.0,352626.125
341200.0,358468.05
287900.0,284975.505
344700.0,385736.6
180000.0,189201.0
167800.0,246657.045
55000.0,83120.0
50800.0,52358.5
142600.0,184033.0
235800.0,212886.03
112700.0,143537.505
210200.0,216182.5
210700.0,146510.0
65400.0,70173.0
162500.0,177259.5
150300.0,159797.5
500001.0,453801.05
101400.0,120635.5
221800.0,230840.525
260300.0,240771.5
178800.0,181035.5
170400.0,185730.0
319400.0,372185.055
190600.0,172736.505
184100.0,226859.0
191100.0,203004.0
149600.0,172113.0
500001.0,409985.285
183400.0,190827.5
444100.0,381452.545
242700.0,249371.5
76200.0,98933.0
132900.0,135940.0
409800.0,288231.51
112500.0,95609.5
376600.0,340712.04
50500.0,84335.5
500001.0,385138.075
209500.0,183124.0
77800.0,86999.5
299700.0,313406.505
375000.0,211815.5
156500.0,117704.0
240000.0,271065.035
77200.0,90847.5
98500.0,78142.0
500001.0,400972.785
110400.0,139436.5
86400.0,106345.5
230400.0,246585.5
163900.0,162591.5
500001.0,471528.075
49500.0,72158.5
107400.0,125996.0
362500.0,184647.005
145000.0,142741.0
218500.0,238760.005
130100.0,155109.5
146000.0,164713.5
152500.0,116473.5
457200.0,460364.99
165200.0,177594.5
394700.0,350144.515
144400.0,168324.5
136600.0,99813.5
216400.0,217192.0
139000.0,146559.0
103800.0,108955.5
488500.0,406186.32
227100.0,237702.545
238000.0,215607.01
215600.0,295699.505
292300.0,365926.055
145900.0,136232.5
187300.0,193129.005
185400.0,167334.0
280000.0,225140.01
141100.0,134819.0
190900.0,185413.5
262500.0,198376.52
442000.0,391460.245
274800.0,287854.005
85500.0,79417.0
231800.0,265469.5
302000.0,295347.005
235800.0,276266.0
72200.0,97197.5
182400.0,173085.0
500001.0,464996.375
78700.0,69441.5
181300.0,205430.5
198000.0,216783.0
199600.0,192314.5
63300.0,85221.5
94000.0,147053.5
186800.0,192845.515
117000.0,128859.5
117800.0,114726.5
121000.0,147105.5
230900.0,278152.515
427300.0,374049.035
128100.0,163648.0
384700.0,361786.38
290400.0,288414.0
91300.0,114502.5
61900.0,66223.965
232200.0,296485.0
129600.0,125968.0
127500.0,112064.5
150500.0,164292.5
187500.0,163318.0
437900.0,446039.8
126500.0,170540.5
453400.0,452957.395
229400.0,215037.5
364900.0,353982.5
191900.0,177264.0
87500.0,143184.525
30000.0,84372.0
335700.0,318411.635
242100.0,208663.0
173700.0,194547.5
54100.0,56862.5
207800.0,228217.505
112500.0,65831.0
166700.0,170026.0
271800.0,336475.565
141100.0,152172.5
375000.0,212587.05
161600.0,165474.505
159400.0,181744.5
86300.0,109094.0
256300.0,261400.0
213200.0,204170.5
254100.0,219122.0
132600.0,154193.0
169300.0,200102.665
347700.0,366981.005
159700.0,172593.5
90900.0,133196.0
290500.0,283746.505
189900.0,214369.5
495600.0,494604.385
333300.0,371795.07
183800.0,171419.5
189000.0,192783.0
157500.0,123739.0
66600.0,62326.5
132400.0,139913.0
156000.0,210685.0
348100.0,347579.54
226400.0,268499.0
74200.0,66303.495
158300.0,179335.01
500001.0,499499.495
165500.0,181804.0
329500.0,257361.0
139600.0,152243.5
152900.0,149004.0
367300.0,308604.105
70000.0,91530.5
97400.0,129228.5
65900.0,85579.5
49300.0,51851.5
154100.0,179385.5
272800.0,216855.0
247100.0,302636.015
268800.0,189542.0
247600.0,254431.0
416800.0,363892.65
121600.0,123511.0
171700.0,159916.0
173800.0,217240.0
235600.0,282572.08
260100.0,304797.0
200000.0,205408.5
296600.0,246456.0
374600.0,235295.0
177800.0,231003.51
269500.0,290270.5
62000.0,71692.5
197600.0,228089.5
52700.0,66102.0
191400.0,190520.5
317700.0,321149.5
329400.0,249927.5
330700.0,395415.235
187400.0,224144.005
286500.0,257586.0
500001.0,142526.0
133900.0,153045.0
199800.0,271676.5
45000.0,67468.0
354600.0,338971.015
263800.0,343381.52
278400.0,221391.0
160400.0,140100.0
241300.0,251200.5
208300.0,195035.5
263600.0,271825.0
145000.0,162969.5
132500.0,143111.0
183800.0,174110.51
81100.0,75513.5
176500.0,190067.5
255500.0,235330.0
166100.0,210840.5
102000.0,133617.0
86100.0,94220.0
100600.0,85331.0
500000.0,375839.6
209900.0,283035.04
52500.0,66819.0
262900.0,212650.5
158800.0,135253.0
209500.0,150825.0
350000.0,180421.5
217100.0,204585.0
141400.0,108257.0
93400.0,128809.5
198200.0,175699.0
187200.0,155212.5
185300.0,201505.0
500001.0,379100.92
281300.0,321324.735
103600.0,107497.5
287900.0,351754.565
208300.0,224904.505
175000.0,307284.545
132700.0,125063.505
172000.0,178650.0
500001.0,486614.94
64000.0,75263.0
227900.0,219875.5
63100.0,63626.0
84100.0,86908.5
339200.0,284135.015
156300.0,113060.5
383600.0,374717.15
137100.0,149563.5
56800.0,68725.0
70000.0,92888.0
96300.0,79420.0
92600.0,122385.5
359100.0,320894.03
158700.0,168363.5
500001.0,409309.685
114600.0,179631.0
410200.0,372452.51
281900.0,234498.005
101700.0,116438.5
169300.0,182205.505
207800.0,247822.02
327200.0,370958.05
277900.0,324142.0
111400.0,100798.5
80600.0,105839.0
207500.0,281031.13
275300.0,265992.5
421000.0,326364.02
128800.0,133826.0
313900.0,269905.5
67600.0,77460.5
64400.0,78876.0
153900.0,157169.5
130700.0,128460.5
238500.0,255943.045
379600.0,340996.025
146500.0,184496.55
150300.0,262008.525
80300.0,89975.505
293300.0,131374.5
288000.0,280333.01
144100.0,153536.5
127000.0,138101.0
152100.0,185747.0
156800.0,138601.0
104900.0,104912.0
500001.0,499847.995
134400.0,141931.5
500001.0,499463.995
272800.0,304912.03
151600.0,100353.0
362600.0,328760.0
169200.0,195518.5
140400.0,216583.03
43700.0,49591.0
136000.0,193944.5
264400.0,256710.005
152200.0,184733.0
137500.0,237094.01
214700.0,180159.51
170900.0,201535.0
236200.0,231884.5
297800.0,286339.5
88500.0,107345.0
127600.0,129398.0
80200.0,96219.5
306000.0,350574.505
436400.0,274856.51
238900.0,233476.505
231700.0,299223.505
122900.0,133834.5
218200.0,229291.5
397000.0,494725.435
260300.0,177653.5
435700.0,391322.575
164000.0,203389.0
440500.0,314305.0
85400.0,96340.0
101900.0,100881.5
159400.0,209866.5
190300.0,288289.005
100000.0,80295.0
139600.0,155895.0
500001.0,500001.0
154500.0,249147.0
170500.0,207255.5
110600.0,117025.0
191200.0,242571.5
287200.0,416974.985
150100.0,144963.0
238300.0,221096.0
154200.0,255715.05
280500.0,257791.5
161900.0,173470.0
265600.0,292220.51
122700.0,157764.5
231200.0,250242.5
319100.0,300204.505
231300.0,201276.5
500001.0,479741.64
121200.0,116360.0
222500.0,242383.5
450000.0,237802.0
102100.0,101317.0
201200.0,184483.5
104200.0,111303.5
500001.0,500001.0
132000.0,139697.5
221100.0,247208.5
151600.0,134821.5
146900.0,187469.005
151200.0,182918.0
165100.0,175440.5
213600.0,215801.0
213500.0,216897.505
500001.0,444316.73
438000.0,382580.055
183800.0,187090.5
350000.0,423936.295
159300.0,139482.0
129100.0,137302.0
76600.0,65804.5
225000.0,216487.0
230800.0,203051.5
431800.0,434000.235
191000.0,278996.035
84700.0,94992.505
152500.0,141026.0
67600.0,71261.5
198200.0,204809.0
306300.0,243953.5
122100.0,129451.0
276100.0,197424.5
103000.0,107500.5
409100.0,331459.02
135200.0,143028.0
121600.0,101512.5
182800.0,167061.5
228000.0,215785.0
110000.0,116456.0
111200.0,104247.0
84700.0,68125.5
447300.0,421790.645
88300.0,89815.5
87100.0,79977.505
187500.0,216433.0
146900.0,166262.0
103100.0,131196.5
343700.0,401655.065
98200.0,135897.0
262500.0,177806.5
77400.0,87633.5
135100.0,136097.0
134700.0,133053.5
231300.0,159428.505
158600.0,168041.5
101600.0,106503.5
122000.0,153911.5
380000.0,358234.095
189400.0,161830.5
440000.0,338905.555
70000.0,92637.0
70000.0,64307.5
333500.0,352470.545
101800.0,118374.5
500001.0,500001.0
360500.0,324078.02
169500.0,183135.5
205600.0,178389.5
166300.0,200203.0
32500.0,96037.0
362700.0,295119.005
174500.0,151408.5
197600.0,190133.5
183000.0,199268.0
158300.0,188558.0
100200.0,130024.5
87500.0,69062.0
461100.0,379826.67
190200.0,270336.53
232300.0,196707.0
221600.0,252261.5
226900.0,295631.64
224200.0,224590.525
119800.0,120751.5
78200.0,93890.0
165100.0,154356.0
213900.0,339808.115
69700.0,73669.5
105800.0,117075.0
75000.0,79612.0
91700.0,115193.5
269500.0,304873.05
68200.0,70180.5
165800.0,208051.5
154600.0,192388.5
472700.0,385070.09
345900.0,389971.105
230700.0,246891.0
300000.0,243397.5
249400.0,186453.5
435700.0,416627.11
225800.0,205867.5
175000.0,210806.525
178400.0,163756.53
276000.0,232757.0
115900.0,115165.0
214300.0,126611.0
118300.0,94057.0
500001.0,355159.555
152100.0,267096.015
140400.0,147899.0
222600.0,208934.005
444500.0,323759.53
500000.0,397024.715
163300.0,126032.0
193800.0,236069.04
90500.0,97814.0
115200.0,136592.5
147000.0,133935.0
273900.0,255445.505
190900.0,168008.5
74800.0,75703.0
500001.0,290881.11
118500.0,128571.0
500001.0,194617.005
55000.0,198240.06
58400.0,89527.5
95800.0,109400.5
99200.0,113077.5
167400.0,341632.165
70500.0,85920.5
67500.0,77192.0
75700.0,96042.5
183000.0,270335.0
500001.0,500001.0
97300.0,103068.0
230000.0,269789.505
82900.0,102946.0
52200.0,63573.0
114800.0,124566.5
88000.0,101887.0
224200.0,165968.005
150000.0,159870.5
341700.0,327250.0
181700.0,197606.505
140600.0,194825.0
72700.0,70733.5
210900.0,218600.5
97700.0,128589.5
109700.0,109885.0
165600.0,246372.505
230600.0,216670.0
163800.0,206200.0
95800.0,66511.0
48100.0,66228.5
44400.0,51886.5
237900.0,241720.5
284800.0,388763.655
164800.0,148303.0
200000.0,172958.0
77800.0,90731.995
186000.0,195766.0
169700.0,168489.0
418800.0,287121.005
73300.0,78574.985
87000.0,126095.0
168200.0,196943.0
154300.0,170058.0
225000.0,388860.21
333000.0,316345.005
225900.0,219740.0
138100.0,141714.5
112700.0,115285.5
231600.0,227994.505
419100.0,301971.0
221100.0,218987.5
155400.0,171273.5
151700.0,183808.0
248900.0,327915.08
153200.0,136444.5
126500.0,129971.0
240000.0,232416.02
186100.0,195099.5
500001.0,450119.86
181600.0,181238.5
178100.0,240480.505
69200.0,77183.5
66800.0,83345.0
500001.0,497880.45
181300.0,178835.5
396400.0,417046.215
187500.0,217342.005
297900.0,315125.04
345400.0,307315.515
245100.0,250434.02
105500.0,109958.5
101100.0,80214.5
141700.0,190513.5
430900.0,315350.045
286300.0,280410.005
113000.0,112614.5
466700.0,419414.225
168600.0,187959.5
360500.0,243667.015
256400.0,262722.0
113900.0,121844.0
350400.0,398271.175
209100.0,209636.0
131500.0,204383.5
216700.0,207926.5
101300.0,153482.54
202800.0,202070.0
117600.0,131147.0
292600.0,303947.01
500001.0,500001.0
130300.0,125683.5
92400.0,91974.0
112500.0,105195.5
154200.0,211467.0
104000.0,107412.0
121600.0,165644.0
206300.0,203025.0
108300.0,123806.5
349400.0,343822.51
83300.0,89391.0
245800.0,240506.0
91500.0,176132.5
500001.0,499814.995
500001.0,426346.32
190500.0,151122.5
108300.0,95791.5
89600.0,119533.0
500001.0,500001.0
94600.0,134410.0
67500.0,364889.075
177500.0,178268.5
261300.0,289104.5
500001.0,301201.54
168400.0,238793.005
245300.0,259136.5
240000.0,281979.015
156500.0,126771.5
500001.0,284800.125
235600.0,240678.0
185600.0,189856.5
316700.0,216605.005
118800.0,92167.0
248500.0,296458.0
236500.0,215458.5
94600.0,105607.0
176800.0,169265.0
148600.0,186642.5
195300.0,182389.0
215900.0,209665.5
126600.0,141892.0
173900.0,222172.5
183000.0,198472.585
74300.0,85778.5
224700.0,201913.5
101600.0,96733.5
391000.0,352276.52
265000.0,168641.0
500001.0,495590.935
186500.0,221343.5
78000.0,93845.5
80800.0,100059.0
189600.0,236014.5
199200.0,218537.0
189600.0,207778.5
160000.0,155151.5
375300.0,359932.035
166700.0,156576.5
215600.0,223611.005
228600.0,223235.0
171300.0,173143.5
431000.0,434508.335
275100.0,284624.0
276800.0,373611.295
46300.0,55864.5
144000.0,136681.5
94300.0,82758.5
157600.0,162012.5
194500.0,205390.005
351100.0,237050.0
453400.0,345647.105
224600.0,228992.505
155600.0,168893.5
242000.0,420109.875
70000.0,82783.0
71300.0,103788.005
66800.0,83406.5
153100.0,267582.105
137500.0,172507.5
230400.0,222647.505
242200.0,286666.505
301900.0,267977.0
415800.0,296157.01
156500.0,172814.5
78600.0,88050.5
441400.0,407597.15
184300.0,210069.0
276500.0,358586.1
232800.0,185591.0
60400.0,75174.0
224100.0,225871.5
439000.0,318072.08
123100.0,107459.5
255700.0,272403.51
57600.0,61666.5
199800.0,225853.0
51300.0,53255.0
348200.0,332147.63
362800.0,365268.11
240300.0,275467.52
73600.0,72591.0
172600.0,163381.0
229000.0,250636.5
166300.0,188878.5
83300.0,139269.01
500001.0,490582.84
332900.0,318767.525
54300.0,56139.0
241700.0,209030.505
387500.0,336022.05
136400.0,151372.5
98300.0,202404.0
176000.0,204056.0
63000.0,58041.5
236900.0,225980.0
97200.0,130596.0
220000.0,186138.56
105800.0,142548.525
270900.0,278103.52
99400.0,98356.0
166300.0,159087.0
143800.0,155344.0
140600.0,135758.5
330900.0,325763.515
156900.0,180592.5
500001.0,379473.715
162500.0,204854.13
124800.0,140047.0
216100.0,136338.0
171400.0,177716.0
325600.0,344740.02
109800.0,87693.0
276200.0,286270.515
129900.0,152010.0
292300.0,262061.505
341500.0,330053.12
66800.0,84692.0
238800.0,244604.005
77400.0,116268.5
82400.0,80379.5
359900.0,374446.2
465700.0,441969.96
214000.0,232125.5
107100.0,96656.5
157800.0,176308.0
119300.0,129470.0
232900.0,235879.0
179500.0,202089.0
70100.0,69493.5
55000.0,199416.07
65900.0,73316.0
99600.0,98576.5
500001.0,480460.525
164100.0,244043.515
77000.0,98139.5
140300.0,156430.0
172900.0,143837.5
500001.0,367380.14
314300.0,222634.03
500001.0,408903.205
500001.0,500001.0
143000.0,157340.0
280600.0,273322.525
375000.0,381995.685
137500.0,174373.0
337100.0,323323.5
128000.0,137183.0
185400.0,171497.5
63000.0,76033.0
109500.0,204861.005
400000.0,187113.51
151900.0,218862.005
56300.0,73255.985
102500.0,78552.0
225000.0,246710.5
145500.0,180502.5
363100.0,221550.5
249000.0,217414.0
415300.0,360613.105
267400.0,244229.0
75000.0,75192.0
250000.0,269219.505
161800.0,133693.5
97500.0,90677.5
111500.0,145692.0
87300.0,91881.0
272900.0,314182.54
124400.0,106122.5
228700.0,303077.08
229500.0,231053.015
162500.0,153974.0
80000.0,153531.0
118800.0,107730.5
244200.0,270860.505
187500.0,192122.5
246000.0,228096.0
102600.0,102167.5
116700.0,100475.0
137500.0,202974.115
171900.0,239671.0
103100.0,115019.5
239100.0,256682.0
194000.0,195017.0
219900.0,255702.03
380000.0,437851.51
155700.0,167672.5
89900.0,90420.0
89300.0,118644.5
55000.0,94233.0
49800.0,53879.0
146400.0,166176.5
278000.0,301894.015
288700.0,345438.525
129200.0,182010.505
221600.0,217868.5
85600.0,195012.5
160400.0,156610.5
57600.0,76374.0
348500.0,360530.075
199400.0,246515.0
97100.0,104709.5
58100.0,67588.0
301000.0,287456.535
74200.0,181032.5
249400.0,302782.67
267000.0,291413.51
119900.0,111781.0
77700.0,78343.0
143400.0,92843.5
61200.0,77926.5
206800.0,228769.005
328200.0,335375.03
360600.0,360120.105
107800.0,91291.0
51500.0,55481.5
67500.0,118424.5
184100.0,161999.5
200000.0,153440.015
354000.0,229625.505
393800.0,329888.035
132100.0,141347.5
306500.0,287221.005
134900.0,139073.0
319300.0,354765.08
303900.0,338760.0
350000.0,160637.5
231200.0,264515.515
131300.0,147350.5
120800.0,119402.0
135200.0,97286.5
68900.0,69544.0
425000.0,241054.505
160500.0,190164.5
151000.0,173580.505
349500.0,430938.815
60200.0,69607.5
396400.0,285884.535
278500.0,304316.67
239300.0,136257.5
224900.0,255166.015
91300.0,95059.0
111400.0,128607.0
150800.0,130938.0
64700.0,74026.0
358800.0,335495.52
232800.0,205303.5
54400.0,103063.5
98200.0,109150.5
225800.0,183769.5
116100.0,135048.5
196400.0,237912.065
123200.0,75531.5
156400.0,180350.0
166800.0,173030.5
215900.0,217728.0
117300.0,155367.0
243200.0,183012.0
72900.0,90023.0
191700.0,200993.5
60000.0,193668.55
195400.0,190557.5
111600.0,125790.005
268500.0,278228.515
260000.0,258256.0
89400.0,119727.0
235200.0,378602.04
386100.0,314858.51
187500.0,140148.52
223400.0,248973.505
120300.0,150862.0
135800.0,125659.0
307400.0,348904.035
326800.0,239753.075
70300.0,87890.5
68200.0,94935.0
114600.0,116062.0
177200.0,199753.505
81900.0,97811.5
90600.0,125134.5
56800.0,62554.0
323800.0,326852.52
244400.0,136579.5
144300.0,165791.5
164200.0,158592.5
237600.0,301371.02
243000.0,233453.52
83300.0,79987.5
87500.0,146431.615
131700.0,123300.0
47000.0,60412.5
195300.0,220153.005
184100.0,222702.0
128800.0,118131.5
118200.0,115549.0
212800.0,165939.5
141300.0,136463.5
227100.0,281282.075
80800.0,144519.0
201300.0,172096.005
183300.0,208680.0
155000.0,150488.5
143800.0,152700.005
137500.0,263375.045
280100.0,200014.5
245900.0,215364.0
243600.0,298921.535
103000.0,134780.5
103800.0,110816.5
235900.0,190453.005
161900.0,206013.5
394400.0,394789.59
145800.0,84754.5
184800.0,196754.0
242300.0,244710.0
335500.0,246222.0
165500.0,134315.0
204800.0,343341.72
159700.0,138647.0
169100.0,121798.5
478600.0,381702.625
258900.0,230391.015
324000.0,314084.01
103100.0,94768.005
138100.0,124990.5
91600.0,95106.5
228900.0,333299.53
138800.0,134461.5
252200.0,244953.0
420300.0,423794.31
243600.0,211369.0
142100.0,156124.5
67500.0,66340.5
92800.0,116018.5
190800.0,227073.0
223900.0,225982.0
143400.0,156087.5
132700.0,113621.0
99000.0,92956.0
67700.0,71633.0
227400.0,239900.0
228600.0,256118.5
135800.0,140466.0
362100.0,372539.55
281300.0,267852.0
500001.0,500001.0
90600.0,125995.51
66300.0,93239.0
150200.0,133242.0
170300.0,183789.5
99300.0,158781.0
322900.0,354253.11
213200.0,136010.0
217000.0,222589.0
267900.0,182226.5
206300.0,192333.01
376800.0,276535.5
87500.0,85498.5
304700.0,249360.0
460200.0,378020.305
128500.0,99776.5
284600.0,353011.085
119600.0,161630.0
208600.0,190621.0
117500.0,300353.075
66900.0,64387.5
204800.0,165020.0
74600.0,88779.0
109100.0,115421.0
114300.0,138975.5
308300.0,327857.535
113000.0,95543.5
91700.0,82867.0
134200.0,133180.5
425000.0,333593.11
53900.0,57398.0
310600.0,252140.0
241700.0,296845.26
226800.0,249943.5
100800.0,116334.0
238000.0,235273.015
245500.0,280128.005
156500.0,160461.0
115600.0,153745.0
66400.0,73530.0
58800.0,63135.5
223600.0,206876.515
169300.0,194808.0
166700.0,147365.5
225000.0,206533.0
72600.0,85598.0
160300.0,182221.5
147500.0,125374.0
91200.0,205323.51
208300.0,137712.5
335300.0,337333.525
58000.0,91873.5
226500.0,253395.0
345200.0,383290.645
106800.0,80730.5
500001.0,163945.995
275000.0,272560.02
95800.0,103702.5
97200.0,136597.51
155000.0,127073.5
400000.0,370771.185
500001.0,298797.07
304300.0,295577.515
359200.0,349132.095
144700.0,165934.0
352800.0,310095.025
355600.0,297952.005
99100.0,116921.0
250400.0,240303.5
105600.0,102161.5
500001.0,459426.885
162000.0,176095.5
272200.0,286977.515
245900.0,360339.54
183300.0,191581.0
220700.0,284520.005
161000.0,170927.0
303900.0,311280.0
266200.0,222729.5
90100.0,79549.5
87500.0,114838.0
209400.0,147415.5
188700.0,210129.5
101400.0,115669.0
387500.0,401712.1
359100.0,304240.585
327300.0,347711.54
279200.0,295072.52
233600.0,280366.015
163500.0,233526.505
124200.0,195356.5
450000.0,440626.77
111900.0,119810.0
90800.0,104077.0
120600.0,163063.0
483800.0,398445.195
366700.0,429723.18
201000.0,239804.505
333600.0,310577.505
362500.0,224410.52
170100.0,170721.5
246700.0,246017.5
161200.0,151113.5
147000.0,127293.5
117900.0,175897.5
111300.0,118587.5
266500.0,244295.0
113500.0,115831.5
329100.0,345951.08
500001.0,493197.35
236500.0,178122.0
122200.0,108113.0
81900.0,91332.5
386400.0,339999.005
184800.0,183097.5
160700.0,186278.5
101600.0,93331.0
424000.0,376925.12
262500.0,228245.5
369400.0,272374.5
115100.0,143437.0
281700.0,272847.055
98100.0,131111.0
131100.0,166002.0
251800.0,238062.515
232700.0,238431.025
139200.0,130302.5
71500.0,77081.5
340500.0,295251.025
270800.0,218326.5
155600.0,170031.5
89200.0,86406.0
167000.0,176856.5
103100.0,106018.0
180500.0,192005.0
51200.0,65168.5
204600.0,199320.5
387200.0,217181.5
162500.0,145103.0
120400.0,122023.0
139700.0,148294.5
98200.0,88978.5
269400.0,284607.0
269100.0,280033.5
500001.0,324358.525
49600.0,69900.5
58000.0,90539.0
65900.0,65296.0
175400.0,181038.0
391800.0,367709.075
280800.0,282229.5
90700.0,111265.5
500001.0,499448.49
92300.0,90121.0
227100.0,234520.0
162500.0,133108.0
290900.0,285801.0
183100.0,185493.5
283200.0,346862.645
177400.0,294696.105
238700.0,285169.01
321300.0,322530.5
261500.0,283410.01
99300.0,112541.5
226100.0,249478.5
51700.0,49385.5
156900.0,147424.5
160900.0,170119.0
222400.0,267250.03
305200.0,278247.015
138800.0,143404.5
230700.0,248457.005
94300.0,94065.5
97200.0,105223.0
382100.0,267779.01
193200.0,206380.5
209500.0,209868.5
231400.0,162474.5
89300.0,110513.5
196100.0,202211.5
113500.0,113795.0
178400.0,244608.005
406500.0,364355.015
228200.0,243119.5
234800.0,284997.0
231300.0,192405.5
500001.0,461990.13
184100.0,180768.505
213700.0,205295.0
500001.0,456595.93
169200.0,180908.5
232400.0,234335.0
351700.0,398846.275
234600.0,221549.5
112500.0,238596.015
145200.0,150132.5
87200.0,98156.0
53500.0,66088.5
43800.0,71935.5
94200.0,75767.5
218800.0,140671.505
191900.0,193609.0
132200.0,105209.5
46800.0,49543.0
149700.0,258339.52
126300.0,126864.5
255900.0,298614.0
94500.0,93689.0
237100.0,227868.5
500001.0,474626.03
87500.0,109316.0
126600.0,103220.5
245100.0,228802.5
157400.0,204892.0
78400.0,81224.0
218100.0,188798.0
350000.0,199972.0
198400.0,201560.0
143900.0,142526.5
337900.0,333585.07
76300.0,120565.5
160100.0,163770.0
130600.0,141062.5
112500.0,128802.5
329200.0,230614.0
233300.0,257282.0
99200.0,113667.5
197900.0,201996.5
204100.0,238815.0
350000.0,250260.55
62100.0,66402.5
140400.0,188801.02
152100.0,276083.505
130500.0,94867.5
195100.0,177595.0
199500.0,208263.515
137500.0,122058.5
275000.0,219270.0
122900.0,156103.5
109000.0,137542.0
121700.0,102971.5
302000.0,337150.1
241700.0,216342.0
153200.0,171970.5
169300.0,268214.07
358500.0,421410.71
175000.0,177504.5
112500.0,140795.5
376000.0,363099.555
118800.0,127526.5
401000.0,374979.71
107900.0,105477.0
339700.0,334088.51
158000.0,165083.5
468800.0,385809.545
63100.0,66943.0
184600.0,188597.5
189700.0,209389.0
190900.0,243030.0
67500.0,131997.0
85300.0,102983.5
173600.0,207383.0
129700.0,123860.5
181000.0,188528.505
500001.0,500001.0
376200.0,408079.7
243000.0,263620.5
148200.0,129066.0
238100.0,262731.505
450000.0,343527.105
240000.0,248503.0
500001.0,200766.5
274100.0,272599.51
190100.0,215644.515
268400.0,264681.5
349300.0,259793.505
275700.0,286652.505
182800.0,271435.27
500001.0,496514.73
213200.0,229422.5
179500.0,192112.5
138500.0,153271.0
181300.0,137043.5
340500.0,349213.545
225000.0,186906.5
68300.0,91103.5
237900.0,258377.0
149700.0,153406.0
125800.0,133213.0
87600.0,115753.0
125000.0,144667.5
168800.0,98350.0
135000.0,140008.5
86300.0,94670.5
64900.0,91601.0
106300.0,226417.53
285700.0,298008.505
272400.0,309160.515
217700.0,228473.5
91800.0,97454.0
163000.0,161266.5
195100.0,174255.5
32500.0,84907.5
275300.0,195512.0
136900.0,129012.0
194100.0,188653.0
230200.0,201440.0
143600.0,132186.5
39600.0,48929.5
59800.0,66585.5
210700.0,196016.5
156300.0,109592.5
215600.0,216910.5
177500.0,157036.0
218900.0,185898.0
128400.0,126211.5
190600.0,192951.005
398300.0,434009.8
367100.0,212341.505
122500.0,138839.0
376100.0,172974.5
157600.0,170355.0
178100.0,140995.5
72400.0,83090.0
287600.0,224765.0
175000.0,143015.01
280800.0,217569.005
160500.0,201783.0
158600.0,135466.0
144300.0,155055.5
136300.0,143273.0
218200.0,199069.0
466400.0,434665.435
386100.0,476265.9
251200.0,241151.5
190400.0,168623.5
223100.0,222949.5
361000.0,273331.505
275000.0,115795.0
70800.0,104137.0
460000.0,344797.045
67500.0,75599.5
225000.0,117028.5
176100.0,197550.0
52400.0,61219.495
167600.0,174262.0
99700.0,116885.0
88900.0,101019.5
223700.0,226422.5
180500.0,193280.5
93200.0,102675.0
173800.0,176489.0
490800.0,469452.285
104200.0,103633.5
276100.0,311271.505
254700.0,293118.0
212300.0,221044.5
87500.0,71928.0
94200.0,89931.5
163500.0,210486.5
500001.0,299275.165
125000.0,177599.0
182300.0,142999.5
111700.0,129194.5
146000.0,183245.5
500001.0,477012.76
320500.0,237628.505
48000.0,51771.5
168800.0,220181.0
67500.0,72220.0
173100.0,169607.5
150000.0,89775.5
329200.0,342602.56
141000.0,153218.5
378000.0,382464.675
80200.0,76302.0
203300.0,212973.5
394900.0,423609.13
84500.0,113072.0
327300.0,301694.505
201200.0,197802.0
162500.0,249170.505
266000.0,328343.63
221200.0,224410.515
176500.0,214206.0
206300.0,198379.0
500001.0,419333.525
186700.0,163113.5
112500.0,213108.025
90500.0,80814.5
190800.0,198433.5
198800.0,135283.5
165600.0,198291.51
500001.0,477923.17
145700.0,173188.0
91300.0,103767.5
140400.0,164758.51
191700.0,182289.0
61100.0,62120.0
153000.0,129447.0
85500.0,72540.0
164500.0,180930.5
386200.0,389338.36
341300.0,342695.04
246400.0,254748.0
121800.0,145784.0
132500.0,166849.5
98000.0,100099.5
241400.0,193334.0
171300.0,231787.505
120100.0,132139.5
500001.0,500001.0
192700.0,183389.5
232800.0,196208.0
191800.0,247986.5
196300.0,219617.0
293900.0,332171.075
84600.0,88899.0
500001.0,473121.615
500001.0,447889.9
107300.0,149613.5
150000.0,249837.0
204200.0,204817.505
268300.0,283063.0
103500.0,97680.5
161500.0,156065.5
222400.0,210088.5
166900.0,168624.5
229200.0,222824.5
205900.0,240077.5
95500.0,58983.0
162500.0,165610.0
240700.0,243490.5
82800.0,80762.5
230200.0,146622.5
185900.0,200198.0
105800.0,125990.0
118800.0,135307.5
194400.0,189658.0
183300.0,167357.5
292500.0,195211.5
144200.0,146977.5
500001.0,403681.72
134200.0,164794.5
52800.0,53290.5
188700.0,190688.0
204000.0,201568.015
179500.0,175427.5
98900.0,91964.0
279900.0,261233.5
327700.0,274214.0
208000.0,201640.5
208300.0,193016.5
112500.0,138434.5
234700.0,300179.01
214500.0,188910.5
338500.0,375668.085
500001.0,500001.0
284100.0,211080.065
500001.0,451567.03
181300.0,186455.0
125000.0,114120.5
412500.0,311155.52
112500.0,76679.0
90300.0,64697.5
96000.0,119354.5
142500.0,135860.5
266300.0,267946.52
165000.0,155762.0
118000.0,137495.0
156400.0,174371.5
426800.0,490612.865
308600.0,298469.01
239200.0,130653.5
109400.0,125633.5
66600.0,75527.0
368500.0,354383.735
330500.0,343190.51
273600.0,297611.005
500001.0,499268.99
321100.0,339343.025
242600.0,181172.5
231900.0,230012.5
151400.0,202170.0
227800.0,172457.5
380000.0,431687.22
95200.0,108170.5
193900.0,183289.5
260700.0,235158.0
191000.0,170558.5
64900.0,72487.5
128300.0,141197.5
189800.0,191226.5
183300.0,178478.5
151800.0,103470.0
257300.0,201694.5
137500.0,94680.46
125000.0,86656.5
218100.0,180097.5
168100.0,171870.5
231800.0,176287.0
149000.0,100030.5
170300.0,202970.5
391300.0,247808.51
282300.0,314200.525
500001.0,440785.835
135400.0,150151.505
328400.0,344611.525
350000.0,187660.51
182300.0,202248.5
500001.0,499916.495
192000.0,171433.5
240800.0,301386.52
175000.0,213299.0
126400.0,120022.0
125900.0,127958.5
194700.0,198267.5
341800.0,362416.63
211900.0,167707.5
137500.0,87121.5
270600.0,284299.57
172300.0,204649.505
262100.0,202160.0
149100.0,163518.0
339100.0,299542.01
248600.0,266610.5
128700.0,175254.0
343900.0,220664.0
175000.0,151368.0
287500.0,329087.61
143600.0,163462.0
346200.0,342862.5
232200.0,282706.575
200000.0,176821.505
241500.0,244811.5
67500.0,71728.5
191700.0,167825.0
178300.0,173709.5
178200.0,180915.0
133200.0,122111.0
273800.0,269261.0
152200.0,166648.5
187100.0,220118.0
137500.0,163599.515
110400.0,139100.0
240600.0,255868.535
162500.0,148766.515
83800.0,111808.5
265600.0,263816.0
211500.0,230471.0
173400.0,174798.505
310000.0,304656.68
99500.0,96142.0
191400.0,199163.5
220100.0,189066.0
167300.0,192970.5
65000.0,71708.0
141800.0,156150.5
290600.0,335227.595
319200.0,350469.03
118800.0,109110.0
200000.0,197211.005
219500.0,211122.0
289400.0,336498.525
116400.0,123374.0
162300.0,155954.0
114100.0,122014.5
71300.0,77606.5
190500.0,202586.0
197300.0,190210.0
72200.0,68366.5
103300.0,150900.005
143000.0,98528.0
244900.0,240729.01
500001.0,353432.715
183300.0,117418.0
86100.0,168416.51
218400.0,224269.0
110800.0,101152.0
211300.0,193179.5
338800.0,324229.525
123100.0,151480.0
269500.0,128638.0
321400.0,333385.575
81900.0,111410.5
500001.0,499307.985
304600.0,309844.56
72900.0,102349.0
158000.0,159582.0
62200.0,67013.5
116300.0,105519.5
314100.0,112594.5
362500.0,304684.53
500001.0,429876.41
74100.0,84425.0
150000.0,128696.5
270000.0,278515.0
120800.0,109725.5
250000.0,265320.505
72200.0,76018.5
375000.0,183303.54
239600.0,246322.5
183300.0,247328.525
161200.0,187341.5
251000.0,259858.0
45500.0,62393.0
178100.0,238546.0
258900.0,306866.015
145800.0,145540.5
84700.0,84100.5
216700.0,183861.5
130400.0,116270.0
158500.0,140661.5
117800.0,127871.5
215000.0,209098.015
268600.0,220735.5
100000.0,118931.5
332700.0,413113.775
186700.0,195816.0
53000.0,61093.0
149700.0,155168.5
345800.0,345032.075
124500.0,128986.0
475800.0,437018.435
500001.0,385017.705
500001.0,500001.0
175900.0,164974.5
183300.0,211878.5
253100.0,325844.7
117800.0,137643.0
143500.0,148011.0
500001.0,455413.105
142300.0,104627.0
121000.0,131139.0
268800.0,290788.02
330200.0,308091.01
121800.0,140907.0
416900.0,380876.015
266700.0,303850.515
189400.0,174774.0
443600.0,316190.53
163000.0,168811.0
382500.0,317382.02
106300.0,126930.5
57800.0,78605.5
57500.0,75656.0
238000.0,265596.52
218900.0,221551.5
118600.0,112209.0
309100.0,287212.505
213200.0,189211.0
180200.0,186426.5
470800.0,415082.165
337200.0,138779.5
95300.0,105352.5
103900.0,121308.5
500001.0,217391.51
215000.0,225394.5
189400.0,190972.0
171400.0,162676.0
357000.0,331058.52
196200.0,188810.5
98500.0,99153.5
178800.0,205046.5
226600.0,237295.505
171400.0,192871.5
271400.0,240988.505
216800.0,262739.005
67900.0,107265.0
171300.0,149604.5
110900.0,174512.005
332500.0,243231.005
150000.0,129987.5
173400.0,188257.0
237500.0,276732.52
65800.0,67771.5
173100.0,192758.505
321200.0,319311.505
265000.0,266192.505
87500.0,92302.5
210300.0,216314.5
247800.0,252409.5
375700.0,425886.31
113700.0,126395.0
500001.0,420262.46
45600.0,51691.5
130600.0,92205.5
198600.0,269605.025
436700.0,463197.285
92600.0,132960.5
150000.0,128235.5
359900.0,340231.515
500001.0,490936.76
93800.0,193544.5
383300.0,366924.06
191700.0,146945.5
267200.0,270034.505
280200.0,212189.5
52100.0,54142.0
110200.0,103987.5
164600.0,112197.5
324800.0,389919.11
122700.0,151991.0
216700.0,279777.505
73600.0,99659.0
254100.0,286043.0
187500.0,156466.5
166000.0,178342.0
157900.0,174029.0
193800.0,180398.0
140800.0,142584.0
95300.0,85304.5
227000.0,315338.515
265600.0,342143.52
90200.0,140878.0
183200.0,196531.505
184600.0,160104.0
162500.0,155627.525
125000.0,134098.0
97200.0,106956.0
355300.0,312558.165
136200.0,152950.0
125000.0,187342.5
305600.0,308494.505
176600.0,155146.5
348600.0,367872.6
299200.0,246636.505
72100.0,113706.5
109500.0,128701.0
281100.0,265580.5
156300.0,184686.5
234200.0,218347.0
59700.0,69374.5
250000.0,291244.51
203300.0,237332.005
173100.0,205644.0
300300.0,292531.01
238000.0,238905.0
179000.0,194072.5
166000.0,173221.5
160700.0,172044.0
147500.0,169052.01
192100.0,182118.5
56400.0,47715.0
304800.0,317900.075
439800.0,397820.69
137500.0,117038.0
137500.0,146033.5
134600.0,161596.5
262500.0,269135.5
83400.0,91781.5
113500.0,93890.0
71400.0,99636.5
204500.0,236720.5
282400.0,349250.595
145700.0,152946.0
264700.0,328922.045
275000.0,277377.545
171600.0,167829.0
216700.0,226399.5
180700.0,185830.0
212500.0,103294.5
167700.0,146179.5
42500.0,50856.0
238400.0,241565.52
144000.0,92313.0
43600.0,52793.0
363500.0,286274.085
186200.0,195103.0
67500.0,63833.5
159600.0,230975.5
195600.0,194369.005
154800.0,180240.0
450700.0,433474.735
69900.0,63677.0
132200.0,147294.0
328000.0,350131.54
272800.0,285841.0
66300.0,139668.0
129300.0,138355.0
77100.0,67119.0
155500.0,133585.5
126000.0,148521.5
240300.0,229062.005
133000.0,142245.5
94900.0,107159.5
203900.0,268050.005
61000.0,61668.5
139200.0,131579.0
229200.0,234673.5
260600.0,289041.525
251100.0,304340.705
327600.0,246064.0
167900.0,190515.5
212000.0,243078.005
233300.0,222000.5
255400.0,275896.5
67500.0,92874.49
162000.0,217782.03
117200.0,137893.5
109700.0,120586.5
275000.0,130405.0
111800.0,132722.0
166000.0,249682.54
92700.0,85278.0
186000.0,205133.01
97300.0,141561.0
241300.0,317706.555
258500.0,253275.005
138200.0,161198.0
196100.0,221784.01
419200.0,474696.69
138800.0,162990.5
376600.0,442430.935
165100.0,190349.02
181800.0,196030.01
211800.0,161810.0
112500.0,121026.0
144300.0,120732.5
222000.0,206114.0
53600.0,54812.5
130800.0,143889.5
227600.0,247667.0
275000.0,373554.55
191900.0,187763.0
64100.0,69245.5
68100.0,106974.5
255200.0,275516.5
244100.0,273829.005
337000.0,268901.51
208300.0,198563.005
500001.0,489307.345
172100.0,188276.5
128900.0,81878.0
144900.0,156512.5
72000.0,57734.0
142900.0,145045.0
436100.0,284570.505
204200.0,191139.5
195700.0,213997.0
90500.0,113330.5
236100.0,174482.0
186900.0,196432.5
162500.0,152100.0
112500.0,119005.0
58000.0,57388.0
307400.0,416560.76
353800.0,433764.68
290900.0,285714.02
358600.0,374959.155
246200.0,213295.505
72100.0,97084.5
107500.0,126585.5
78600.0,82002.0
187600.0,202979.505
97900.0,120758.5
186600.0,188591.0
196900.0,201720.5
111500.0,81641.0
156300.0,196585.0
218200.0,264363.005
293500.0,466630.925
59000.0,109262.0
162800.0,168248.0
102900.0,104430.5
54300.0,69746.0
166300.0,155329.0
152500.0,186261.0
142600.0,160185.0
150000.0,132934.0
84400.0,102619.5
210000.0,235582.505
137500.0,134846.5
350000.0,260103.505
171900.0,139927.5
143100.0,163551.0
452300.0,387087.605
176000.0,164550.5
112700.0,122591.5
68400.0,77598.0
190700.0,190360.0
331800.0,387062.585
184000.0,170289.5
162500.0,124371.5
129400.0,145136.0
172800.0,145524.5
191100.0,172239.5
294900.0,299714.02
188600.0,199947.0
63800.0,68702.5
466100.0,453349.93
186800.0,195277.5
139300.0,140478.0
330300.0,369078.555
284800.0,253792.005
198800.0,224060.5
69300.0,78811.0
145500.0,148839.5
166200.0,169007.5
273800.0,267697.545
149000.0,140677.0
215400.0,238857.0
287800.0,377001.745
406300.0,264282.015
160300.0,177280.0
240000.0,302002.61
60900.0,117136.5
142300.0,156985.5
84800.0,100002.5
205400.0,249592.005
396800.0,364681.0
135400.0,195310.585
115400.0,136516.0
162500.0,229278.0
425000.0,250386.035
114300.0,101569.0
500001.0,499235.975
500001.0,484081.245
48700.0,58268.5
294700.0,264182.005
300500.0,283832.5
343200.0,266142.015
92000.0,157723.0
278100.0,278829.505
380900.0,394046.27
339800.0,266740.03
96800.0,109604.0
270000.0,256055.5
190000.0,209391.0
181300.0,172750.0
100600.0,98361.0
170800.0,134619.5
152700.0,138063.0
353600.0,335198.005
200000.0,311835.13
213400.0,224313.5
153100.0,134769.0
379700.0,334207.005
275000.0,241245.02
78600.0,108212.5
188300.0,243903.005
138000.0,156466.5
500001.0,496243.375
197400.0,180438.5
244600.0,266686.505
165300.0,180225.0
300400.0,297333.5
88200.0,118377.0
500001.0,496504.865
163100.0,144578.0
191900.0,205933.005
355300.0,328153.015
430300.0,327892.005
42700.0,57247.0
378100.0,354660.56
264000.0,220195.0
111900.0,143364.5
224500.0,207596.5
125000.0,137640.0
64100.0,75694.0
88400.0,93658.0
389200.0,373632.075
193800.0,120164.5
500001.0,391373.085
187500.0,409716.605
210300.0,199377.0
212800.0,224744.5
177500.0,205451.5
181300.0,127920.0
159500.0,174088.0
177500.0,163533.5
116100.0,119973.5
500001.0,359921.07
162500.0,162774.0
135500.0,161664.0
99600.0,116873.5
118500.0,117794.5
156900.0,143076.5
147200.0,141031.0
85800.0,75869.0
500001.0,334971.575
170900.0,158515.0
257900.0,382097.62
164300.0,175129.5
438900.0,416599.815
98000.0,106095.5
288700.0,307177.005
203200.0,224886.5
283600.0,271333.5
162500.0,269186.065
95300.0,117699.5
161700.0,153405.0
187500.0,177692.0
158000.0,160594.0
456100.0,372601.525
102900.0,102421.5
165400.0,205264.5
54400.0,54227.5
147200.0,143188.0
95000.0,103354.0
143000.0,274367.195
97200.0,118038.0
112900.0,122964.0
173300.0,193356.5
393100.0,299560.025
63000.0,83019.0
297300.0,290914.5
242100.0,207239.0
293900.0,381555.57
113100.0,102011.5
137200.0,135347.5
297100.0,169291.5
243500.0,239316.0
98800.0,97925.5
244800.0,242451.0
327800.0,285590.0
437500.0,391817.6
163500.0,146872.5
102400.0,131209.0
112200.0,107659.5
165900.0,191505.0
250000.0,243653.515
158100.0,189988.5
87500.0,101180.5
135000.0,137339.0
79500.0,110150.0
162100.0,110280.5
228400.0,202016.5
140600.0,163569.5
71300.0,180885.655
266300.0,252661.0
81300.0,81540.5
185000.0,241191.025
329300.0,400031.805
168800.0,148634.0
110400.0,135715.0
500001.0,346637.04
85700.0,95908.0
63300.0,57435.5
500001.0,500001.0
183800.0,184070.51
150700.0,141157.0
242900.0,253182.53
326700.0,347600.08
220400.0,188417.5
240700.0,225276.005
500001.0,490866.315
98400.0,112051.0
166900.0,184563.5
205400.0,222514.5
90100.0,98199.0
189800.0,147296.5
162500.0,116133.0
333700.0,244174.0
85100.0,78760.5
134400.0,123627.5
144600.0,186863.5
215000.0,182190.01
97500.0,128565.5
210000.0,236664.0
312000.0,337499.04
300000.0,267046.515
202400.0,213894.505
254100.0,318849.045
116000.0,117011.5
167000.0,177293.0
396900.0,312077.5
227000.0,191499.5
500001.0,405698.42
500001.0,490864.09
199000.0,221964.0
369100.0,365950.695
22500.0,75509.495
95700.0,108237.0
365900.0,445623.875
215800.0,219071.0
205500.0,186760.0
500001.0,406109.765
250800.0,225685.0
363600.0,406539.85
294200.0,317705.09
171400.0,150555.5
261300.0,297770.5
114900.0,123189.0
258400.0,211576.5
106300.0,90199.0
98900.0,96450.5
242000.0,210500.5
146100.0,166577.0
154600.0,194035.505
197500.0,159302.5
289600.0,298272.51
325700.0,301164.545
53300.0,55332.0
87800.0,87392.0
178300.0,171850.0
197100.0,202190.0
123400.0,153491.5
292900.0,326394.53
109800.0,127055.5
124200.0,127988.0
57300.0,54950.5
404700.0,327603.53
187500.0,228213.025
63700.0,77232.5
101200.0,125298.0
500000.0,471216.165
45500.0,62740.5
463500.0,318488.055
181300.0,275380.05
307400.0,274679.0
371800.0,416513.75
56000.0,71874.5
289300.0,216442.0
128200.0,143143.0
271400.0,266584.51
182100.0,189939.5
219400.0,231647.0
78400.0,79240.0
96100.0,115950.5
394700.0,403035.19
222500.0,224717.0
87500.0,100055.5
137500.0,155149.5
246100.0,194388.0
175700.0,175836.0
164100.0,142816.0
132800.0,121519.5
129200.0,66048.5
224100.0,199490.5
103900.0,95384.0
112800.0,103888.0
243800.0,319608.065
88600.0,87587.5
186100.0,248657.505
186100.0,116269.0
160900.0,145838.5
149200.0,149664.5
76400.0,77076.0
500001.0,332257.55
95600.0,132078.5
237500.0,344612.57
418300.0,360478.595
197500.0,175777.5
66400.0,68523.0
269000.0,391043.155
219000.0,313660.175
156900.0,168391.0
134200.0,166138.0
204200.0,160717.0
218800.0,288621.525
181800.0,278163.0
168500.0,193037.5
299200.0,252428.0
166000.0,155407.005
193500.0,165160.0
212500.0,213437.525
386200.0,272308.0
268400.0,265581.0
128100.0,219280.5
271200.0,289100.005
88400.0,111049.0
101500.0,97154.5
495500.0,387610.22
167300.0,162337.0
141300.0,194523.5
500001.0,499260.99
321300.0,374199.615
82100.0,78613.0
92900.0,113511.0
168000.0,169285.0
135000.0,148820.5
243100.0,270354.515
157100.0,121039.5
97900.0,117467.0
177700.0,178102.5
131800.0,126718.5
268800.0,359400.115
314300.0,231286.025
183600.0,226215.5
100000.0,57378.0
232200.0,233498.505
138100.0,141573.5
162500.0,170853.03
457300.0,322063.53
139200.0,153019.5
244500.0,266484.0
61600.0,58961.0
237000.0,214956.0
112500.0,118084.0
122300.0,98463.5
500001.0,301373.53
110100.0,148878.0
300900.0,358198.52
167500.0,136538.5
246400.0,238990.5
279300.0,368590.05
414000.0,293573.61
58700.0,55490.0
294900.0,348327.04
365200.0,373654.045
368300.0,339336.02
239200.0,213079.5
121400.0,191935.0
215000.0,247504.56
113900.0,128190.5
236400.0,232611.5
171700.0,170393.005
248500.0,217073.0
58200.0,63847.5
67800.0,94830.0
75700.0,77098.0
178000.0,171087.0
60400.0,60331.5
226100.0,265310.045
179500.0,208360.0
158200.0,213784.01
278600.0,239327.0
480800.0,383988.62
192300.0,177285.0
141700.0,117440.5
330800.0,260004.5
100000.0,89830.5
103200.0,123772.0
53500.0,58932.5
185700.0,153603.5
192900.0,197573.5
256000.0,303469.125
138500.0,138273.0
69600.0,104787.0
246800.0,288440.07
265900.0,285526.0
162500.0,129863.0
322700.0,383410.64
148900.0,209176.51
429000.0,426500.335
500001.0,474683.225
254100.0,243794.005
328100.0,269889.51
169100.0,202989.5
255400.0,232465.5
76400.0,86178.0
151400.0,196229.5
311100.0,292627.5
187500.0,274323.015
213200.0,235161.0
208300.0,186549.505
202800.0,229058.0
90100.0,95364.0
92400.0,126143.0
136500.0,106223.0
92200.0,103379.5
79400.0,83449.5
95500.0,102878.5
249200.0,277094.505
111700.0,134405.0
190600.0,208342.0
191800.0,191776.5
500001.0,453422.495
50800.0,70237.5
163500.0,110421.5
368900.0,347498.05
57000.0,69594.5
75000.0,145429.0
229000.0,243522.505
340900.0,284558.5
276600.0,336244.54
188400.0,183960.5
73900.0,79921.0
150000.0,189003.5
147100.0,128744.0
186300.0,187964.5
234900.0,255123.01
122500.0,130964.5
398900.0,329872.585
250000.0,346311.565
113600.0,156926.0
244800.0,237227.505
225000.0,216793.5
186900.0,284966.53
309700.0,348858.065
130600.0,154824.5
342300.0,286059.5
65000.0,70751.0
278900.0,206869.0
168800.0,265053.59
418400.0,322423.58
109000.0,143127.5
160100.0,168346.5
345000.0,322296.51
418800.0,393279.085
209100.0,191727.5
97500.0,91451.0
500001.0,477890.595
108600.0,97066.5
133300.0,172289.505
50900.0,59921.0
311600.0,333553.575
365500.0,351658.625
175000.0,237367.0
170300.0,140972.0
279500.0,268686.52
125900.0,183583.505
155700.0,168893.5
83300.0,89029.5
156300.0,237114.0
214800.0,254682.5
110300.0,70560.5
165000.0,117230.5
349500.0,298575.51
500001.0,500001.0
125700.0,121608.0
193100.0,205883.0
500001.0,496053.45
199600.0,237339.525
500001.0,410606.215
163400.0,166865.5
137500.0,160192.0
121500.0,141294.0
381200.0,362113.615
111900.0,140064.0
58000.0,94882.0
63800.0,87586.5
363200.0,331691.5
206400.0,238367.0
370800.0,281655.55
81800.0,97802.5
271500.0,282091.045
197000.0,214128.505
73400.0,72521.5
301700.0,351893.515
119600.0,166253.0
258100.0,225945.5
17500.0,244486.05
145700.0,210492.0
102000.0,96567.0
400000.0,362528.7
99200.0,97186.0
485400.0,333935.045
477100.0,475951.825
66900.0,58059.5
375400.0,455791.98
169600.0,227755.005
247600.0,289816.54
164700.0,174216.5
309400.0,326267.54
185300.0,205309.005
230200.0,271229.005
156100.0,157990.5
302500.0,311798.52
97800.0,111293.5
251300.0,265609.505
281300.0,280054.0
153100.0,123242.505
355600.0,354452.545
101300.0,99330.0
266000.0,230298.0
160700.0,131503.5
305800.0,301149.535
147500.0,114668.0
186300.0,187176.0
162600.0,184736.5
484700.0,456451.615
175000.0,241615.515
127200.0,134193.0
365100.0,246087.0
236500.0,202769.0
214000.0,238991.015
225800.0,300100.5
128900.0,117370.5
73500.0,144416.5
114700.0,161296.0
175000.0,222596.0
318100.0,222981.0
331200.0,323497.5
192500.0,206976.0
159500.0,138858.5
162700.0,165166.5
67300.0,104643.0
212900.0,193344.0
140600.0,159971.5
186500.0,145959.5
393200.0,416653.35
55300.0,68306.5
409800.0,383434.055
191800.0,260612.5
99500.0,118712.0
175000.0,140008.5
158000.0,147649.5
106900.0,102484.0
277200.0,239018.5
326700.0,319878.0
96000.0,68023.0
431800.0,497736.465
172200.0,187669.5
112500.0,132289.5
225000.0,84649.5
259500.0,245244.505
291500.0,278245.5
50400.0,66690.5
150000.0,248257.005
224600.0,231598.0
130600.0,146243.5
69700.0,85625.0
353000.0,309013.5
231200.0,323068.54
205100.0,167527.0
398100.0,384743.06
141300.0,151393.0
173300.0,133894.5
127900.0,120830.0
289500.0,257635.0
95900.0,123017.0
133400.0,166819.0
146800.0,177088.51
181300.0,224702.5
54600.0,78028.5
55500.0,55828.0
150000.0,191989.5
102800.0,101201.5
93300.0,101993.0
123100.0,142075.0
231800.0,126320.0
159500.0,170438.5
108300.0,98878.5
43100.0,52523.5
105600.0,97876.0
168300.0,180311.5
28300.0,168327.0
282900.0,284042.0
234300.0,224855.5
212500.0,99902.5
205600.0,208867.5
150000.0,162692.5
193000.0,170034.0
14999.0,229818.5
170000.0,178124.5
168300.0,175482.0
93500.0,112851.0
191800.0,212719.51
181500.0,214184.0
195400.0,224915.015
121900.0,169741.5
142600.0,178351.51
158300.0,149307.01
165300.0,150527.0
155000.0,145305.0
92100.0,111551.5
68100.0,66124.5
276300.0,251639.51
335200.0,408311.71
121100.0,160874.02
177100.0,137618.5
187500.0,150713.005
192000.0,204499.5
301200.0,307438.025
159100.0,155180.0
500001.0,500001.0
273700.0,298253.01
233900.0,261054.5
500001.0,287959.57
222800.0,252873.0
140200.0,141831.5
159800.0,161918.5
118800.0,139514.5
500001.0,363795.56
105500.0,147136.5
217800.0,209651.505
187500.0,215372.5
287300.0,372219.07
131000.0,119294.0
55800.0,66624.0
161900.0,179498.5
253600.0,223438.035
155000.0,159259.5
311500.0,300314.5
87800.0,68817.0
105800.0,120058.5
137000.0,161560.5
156300.0,158142.5
154700.0,149355.5
167400.0,151944.5
457800.0,410932.815
500001.0,403933.765
188300.0,263500.505
442900.0,318644.025
500001.0,500001.0
500001.0,478891.255
187500.0,214725.0
57400.0,58107.5
387500.0,326045.05
272000.0,301630.045
167600.0,141001.5
403700.0,307589.02
191700.0,148144.0
500001.0,274764.03
187100.0,193583.0
96400.0,130914.0
92400.0,128818.0
213900.0,195773.5
155000.0,225034.0
133000.0,162336.0
275000.0,191483.5
238500.0,206037.5
158300.0,139202.0
70500.0,83209.5
222300.0,198268.5
411900.0,361754.52
185100.0,196973.5
500001.0,333313.18
139800.0,132821.5
178100.0,187229.5
159300.0,167916.0
125000.0,107703.5
197100.0,273310.515
64000.0,68469.0
194600.0,207060.0
162500.0,156752.0
84400.0,62783.5
61300.0,147088.0
368200.0,331340.62
122100.0,125885.0
86100.0,88714.5
209900.0,232335.5
170800.0,160433.5
175000.0,175486.5
126600.0,119073.5
282200.0,247542.5
207700.0,255264.005
104200.0,172652.5
214300.0,233343.51
80300.0,73739.5
273100.0,224685.055
237500.0,257566.5
73800.0,98818.995
184400.0,173260.0
342000.0,403974.73
129700.0,125644.5
224000.0,254966.0
156900.0,125144.0
394900.0,301134.505
157700.0,188882.5
119900.0,118732.5
316900.0,379689.035
212500.0,274881.005
68300.0,66485.5
165100.0,167555.0
93600.0,98695.5
88800.0,93522.0
184700.0,209987.0
327100.0,347295.045
134300.0,119660.0
500001.0,267586.0
162100.0,182486.5
500001.0,500001.0
229200.0,252860.0
112500.0,76230.0
354200.0,323343.5
362100.0,359123.02
162500.0,79048.0
100500.0,114198.5
67700.0,98676.0
57100.0,55210.0
164800.0,224706.52
204200.0,225993.0
342400.0,298459.025
181500.0,160599.0
304500.0,342611.09
235300.0,248207.505
105300.0,212810.0
291400.0,320466.57
159600.0,207573.005
111800.0,132862.0
119600.0,125195.0
329700.0,246265.135
136700.0,165281.0
101400.0,96677.5
118600.0,114163.0
133300.0,154348.0
52500.0,57905.5
234600.0,273450.01
75000.0,97014.0
176300.0,172861.5
346800.0,315949.505
251800.0,241337.0
54200.0,63945.5
67500.0,139061.5
142500.0,153155.5
101600.0,116086.0
227300.0,337727.035
337200.0,340939.025
118800.0,278985.5
67500.0,87883.5
202000.0,211678.0
94200.0,92885.5
96200.0,99260.5
225000.0,260400.02
258700.0,206510.5
103100.0,132755.505
117200.0,136259.5
164800.0,135227.5
144000.0,157941.0
500001.0,429865.375
155400.0,164050.0
114700.0,125364.0
123100.0,143475.5
226800.0,205888.5
180400.0,162837.5
310900.0,331864.06
148800.0,164826.0
84700.0,101459.0
63700.0,67731.0
262000.0,240686.0
438100.0,429890.395
226500.0,235350.5
87600.0,87553.0
345500.0,356462.015
140100.0,125173.0
366700.0,318429.53
270800.0,238675.51
168800.0,214494.01
293800.0,289163.065
251800.0,268772.505
85100.0,78541.5
267500.0,294250.0
140900.0,154263.5
285500.0,199185.0
151300.0,149629.0
225000.0,353778.58
44600.0,77184.0
450000.0,219905.005
229300.0,269761.505
225000.0,83796.5
138000.0,168388.005
96900.0,77552.0
161200.0,211183.51
144300.0,158379.5
450000.0,347031.805
122500.0,114511.5
248700.0,217621.5
134200.0,146979.0
348100.0,335812.515
78300.0,104088.5
107800.0,96445.0
146900.0,138283.5
188300.0,218198.0
162500.0,199757.015
58600.0,63706.0
183700.0,201319.0
180400.0,199257.025
175000.0,169198.0
137200.0,196168.5
110000.0,289706.55
233400.0,235256.5
128300.0,133701.5
350000.0,273793.615
155200.0,167937.0
256700.0,229514.5
85900.0,101056.5
73200.0,80224.5
258300.0,262276.5
62800.0,62211.0
485000.0,319598.685
124000.0,145778.5
158500.0,194134.5
97300.0,102318.5
186700.0,200455.5
344100.0,344019.51
166700.0,166970.5
108900.0,111731.5
482900.0,391813.95
204400.0,277141.0
230700.0,267773.5
53000.0,66222.0
178500.0,194651.51
500001.0,354514.58
500001.0,421537.615
84900.0,70908.5
500001.0,411114.135
246800.0,254250.0
156300.0,151274.005
234600.0,156988.5
48800.0,68215.795
145800.0,133586.5
271500.0,273606.0
500001.0,355371.615
87500.0,135141.0
69100.0,57032.5
139300.0,129880.5
273400.0,256285.525
229700.0,240728.51
68200.0,65900.5
114300.0,131712.0
159900.0,226083.0
116600.0,99816.0
209900.0,226167.5
68900.0,64609.5
101400.0,113108.5
214000.0,188867.0
355300.0,361850.61
90300.0,120084.0
159300.0,170604.5
63900.0,68371.5
218200.0,248236.5
253600.0,248093.0
81300.0,133279.5
188600.0,218484.0
165400.0,237215.005
106300.0,144944.5
210100.0,219793.0
147600.0,144264.5
112500.0,241738.015
175000.0,181518.5
156600.0,167720.0
117300.0,139589.5
229200.0,224777.5
350000.0,207679.5
171900.0,160106.5
199300.0,195803.5
251600.0,277165.535
300000.0,293102.05
158900.0,168211.5
216800.0,260430.5
198000.0,239849.0
356100.0,370213.58
192300.0,182072.0
314500.0,287134.505
50000.0,62027.0
162500.0,189640.0
167100.0,170382.5
138800.0,126967.0
147600.0,161160.0
238500.0,209439.5
110700.0,117832.5
333800.0,325487.03
192100.0,215115.5
294000.0,257655.5
154500.0,163527.0
151900.0,163601.5
500001.0,500001.0
322900.0,275006.51
165600.0,211323.005
221200.0,229848.0
170400.0,190619.0
198700.0,219291.5
162500.0,156895.005
411200.0,427733.645
335500.0,314433.525
149100.0,149261.5
381500.0,423418.635
183900.0,183139.53
91200.0,128900.5
411500.0,357118.07
220300.0,224192.5
158100.0,153982.5
69600.0,78827.0
270500.0,291551.025
261600.0,226573.0
389500.0,359102.145
75000.0,117278.475
177600.0,213396.5
170400.0,146036.0
154200.0,146157.5
131900.0,146985.0
44400.0,58863.0
145000.0,147374.0
224100.0,280353.535
187500.0,163788.5
192900.0,221979.01
88600.0,93849.5
183900.0,177828.0
225000.0,267015.005
182800.0,147024.0
137600.0,152529.0
265300.0,269982.0
36600.0,63436.5
125500.0,150404.5
138600.0,163151.5
487100.0,367000.045
178600.0,167711.5
134500.0,150585.5
306700.0,369918.565
115800.0,133412.005
91400.0,110678.505
210900.0,196819.5
259200.0,283424.0
347300.0,378045.56
168400.0,132156.0
150900.0,141681.5
113500.0,113926.0
302600.0,293907.03
423300.0,357164.915
492200.0,454550.325
190600.0,189846.0
245000.0,165572.0
55700.0,81975.0
84000.0,94571.5
275000.0,281915.02
189600.0,184977.5
275900.0,233575.5
319800.0,346018.02
291700.0,226262.0
67900.0,66299.0
189000.0,191209.0
90000.0,140470.5
335000.0,254235.505
176700.0,185676.5
98500.0,116604.0
200600.0,190451.5
60200.0,62016.5
191900.0,203755.5
191100.0,200263.5
337300.0,335452.525
225000.0,315989.035
290600.0,233197.0
121500.0,133588.5
293200.0,343531.555
107000.0,132330.5
266400.0,263020.52
76900.0,111342.5
220300.0,156353.0
101100.0,106833.5
474600.0,412834.665
65300.0,87039.0
113700.0,120579.0
214200.0,192256.0
216700.0,217308.0
198400.0,206950.5
212200.0,188288.5
222700.0,422054.185
265900.0,245549.5
37500.0,79803.45
265000.0,282074.505
108700.0,124231.0
46700.0,50702.5
187500.0,244778.04
61600.0,76630.0
343000.0,319547.5
166000.0,178058.0
500001.0,333361.535
137500.0,193911.5
90600.0,103660.985
77000.0,81630.0
148100.0,157142.0
91600.0,124053.0
150900.0,188351.0
155100.0,168583.0
89200.0,87104.0
215400.0,165376.515
55100.0,68683.0
197400.0,194665.5
154400.0,172140.0
141700.0,144616.5
98400.0,97330.0
152600.0,163358.0
109600.0,116390.5
171300.0,181166.5
104100.0,98774.0
153900.0,158149.0
270000.0,261188.5
286500.0,301659.54
335000.0,255217.51
137700.0,149848.0
232000.0,231445.005
393800.0,361637.105
70300.0,86229.5
141700.0,159909.0
156300.0,158750.5
450000.0,314687.02
199800.0,186660.5
95300.0,115300.5
86900.0,104230.0
187500.0,177294.0
221800.0,266637.505
58800.0,57917.5
134400.0,174560.03
238600.0,268269.505
160900.0,176065.5
136400.0,168230.5
144000.0,163827.5
159300.0,187380.0
155300.0,171140.0
142600.0,158218.0
120700.0,108879.0
126200.0,161000.0
213400.0,211940.5
116900.0,138255.0
185800.0,177648.0
356000.0,402074.075
150000.0,124964.5
88900.0,83795.0
259100.0,270011.0
500001.0,413942.12
127600.0,114007.0
69900.0,99394.5
137000.0,187212.5
273700.0,272856.0
92000.0,98320.5
118300.0,163313.5
410800.0,479961.715
100500.0,106457.5
492900.0,401376.18
118500.0,122621.0
113500.0,121620.5
89900.0,117690.5
500001.0,428600.36
500001.0,498877.97
146300.0,279679.02
113500.0,116548.0
275000.0,302569.515
102500.0,129970.0
147100.0,180814.5
225000.0,189964.0
139400.0,205640.5
175800.0,197649.005
57000.0,72846.5
269600.0,190958.0
272900.0,295441.01
76200.0,83866.0
484100.0,449824.19
180600.0,158964.0
238000.0,195227.5
137500.0,136320.005
186300.0,149523.0
192900.0,238624.025
84500.0,65221.5
107600.0,147780.0
55500.0,68623.5
265300.0,249567.5
388300.0,391324.215
482700.0,385767.095
198100.0,264460.0
92700.0,75958.5
346200.0,337891.04
38800.0,63892.0
56700.0,71305.0
123700.0,180310.5
93800.0,97729.5
93200.0,110530.0
44000.0,66952.5
69200.0,99296.0
301800.0,322432.525
254200.0,268697.03
209800.0,247816.0
184500.0,215371.5
73400.0,93729.0
339000.0,353470.03
93100.0,94647.5
202300.0,177229.0
133300.0,87026.0
270700.0,276349.51
240200.0,271614.505
139300.0,127601.0
57000.0,72018.0
170700.0,128641.0
119200.0,106216.0
177300.0,211979.5
289600.0,351534.52
297600.0,227590.0
109900.0,112159.5
147500.0,137008.0
78700.0,96266.0
160300.0,193009.5
77700.0,104402.0
473500.0,454443.99
500001.0,483076.14
133100.0,140503.5
93500.0,82074.5
280100.0,295643.515
256700.0,252332.105
288000.0,275694.52
161100.0,167955.5
137000.0,158076.5
62000.0,76586.5
443800.0,461369.35
68300.0,70250.0
262100.0,297611.055
109400.0,101998.5
409300.0,398979.675
175200.0,256300.0
147700.0,155325.0
287500.0,242955.0
93200.0,124881.0
93800.0,153614.0
172400.0,181840.51
318600.0,342492.54
185200.0,168690.5
65200.0,63789.5
179700.0,117539.0
159200.0,163011.5
151900.0,171457.5
71700.0,109413.0
245200.0,158443.5
228300.0,318180.505
196400.0,228257.505
192400.0,218626.5
65900.0,63861.0
282300.0,199502.5
185300.0,193830.0
88600.0,111739.5
67500.0,84171.0
143400.0,108356.5
119400.0,111026.0
215800.0,247132.56
257400.0,262704.505
373400.0,314592.2
152300.0,168609.04
245700.0,314100.045
80000.0,68814.0
137200.0,133003.505
266900.0,264625.505
395300.0,352315.55
222100.0,213722.5
500001.0,309095.565
500001.0,349518.065
232900.0,238793.5
259700.0,258533.515
215700.0,195718.0
243200.0,247818.0
221400.0,182226.0
112500.0,106486.5
388500.0,257610.535
410000.0,361546.655
163000.0,180186.0
500000.0,390322.31
231300.0,203854.515
76100.0,78279.0
458600.0,347575.095
366300.0,356226.53
296800.0,204612.005
58600.0,57733.0
84800.0,102055.5
117300.0,184069.5
126600.0,113238.0
170800.0,184687.5
149300.0,116294.5
119000.0,117962.5
375000.0,356485.095
284900.0,296825.01
170100.0,144567.0
500001.0,299792.555
98700.0,136302.0
60800.0,79947.5
142800.0,141205.5
223900.0,252665.5
137500.0,211922.5
297800.0,299539.505
112700.0,118653.0
113300.0,103631.5
121400.0,148450.5
248400.0,256395.5
407800.0,418383.28
356600.0,299394.51
106300.0,102074.5
121400.0,116690.0
240900.0,200980.5
247100.0,213769.5
137900.0,95780.0
86300.0,75520.0
500001.0,328656.52
216300.0,223579.0
305600.0,278019.035
158300.0,224133.505
452100.0,373255.16
95000.0,112713.515
105700.0,84175.0
84600.0,72948.5
240100.0,186796.01
162500.0,138590.5
96600.0,109163.5
92200.0,97123.5
228200.0,252415.53
113700.0,147401.5
69000.0,55564.0
500001.0,430956.995
225000.0,190794.0
174000.0,150892.5
500001.0,447587.535
253000.0,305260.02
277600.0,386961.155
285200.0,304940.01
90300.0,107988.5
189900.0,176718.0
316600.0,267566.53
301900.0,278408.02
93100.0,102219.5
94200.0,97964.5
213800.0,201628.5
187500.0,181708.0
500001.0,471224.25
325700.0,324892.515
300000.0,277853.6
143900.0,140573.0
500001.0,490171.365
264100.0,328086.555
62300.0,81142.0
138800.0,130628.5
105400.0,115793.5
63500.0,68837.5
500001.0,202712.5
97800.0,113667.5
127400.0,142750.0
135300.0,140638.5
156100.0,134602.0
446800.0,457906.925
65000.0,90676.0
151800.0,155036.5
192200.0,175667.0
153100.0,189936.0
165800.0,169900.0
254200.0,238603.005
234200.0,256375.505
112500.0,80854.0
118700.0,82565.5
240900.0,218730.0
283300.0,352545.58
450000.0,240604.285
52100.0,56900.5
55900.0,63392.0
88100.0,122059.5
248900.0,250297.5
68600.0,139966.0
156300.0,166232.0
272700.0,287943.5
340400.0,340273.02
218800.0,192670.51
70100.0,77920.5
500001.0,377222.78
162500.0,182526.5
111800.0,113282.0
110200.0,113017.0
74200.0,61380.0
103200.0,128135.5
172100.0,182258.5
132000.0,108053.0
166300.0,118085.0
107300.0,106357.5
107900.0,100421.5
94600.0,87374.0
66100.0,92887.0
158200.0,169121.5
95800.0,108250.0
117000.0,115755.5
170900.0,183428.5
92900.0,91954.0
162500.0,167024.5
193800.0,172480.0
134600.0,115340.0
123100.0,93064.5
115700.0,118298.0
83500.0,94997.0
62200.0,67497.0
74400.0,84535.0
180100.0,191147.5
195800.0,210938.51
500001.0,481223.295
144300.0,130336.5
125400.0,100987.5
80800.0,88781.5
65900.0,75365.0
157900.0,171065.0
500001.0,306701.06
180800.0,239936.5
236200.0,265144.02
103000.0,120261.5
216900.0,188444.0
383300.0,284963.57
500001.0,320558.535
83500.0,79686.0
214400.0,190409.0
100000.0,87394.0
78800.0,103263.0
97600.0,98506.5
178400.0,215117.505
287100.0,330953.565
270100.0,322629.05
185500.0,242997.025
90600.0,110131.5
213600.0,201072.0
124300.0,129764.0
205000.0,174550.505
256700.0,260988.0
392700.0,447319.34
133300.0,173903.5
187100.0,192190.5
255400.0,305559.07
347400.0,335951.56
171700.0,153916.5
112500.0,123787.5
82600.0,88506.5
48600.0,50936.0
134100.0,139861.0
225800.0,214946.5
500001.0,483984.165
470000.0,424172.2
225800.0,247349.505
158000.0,207258.5
117100.0,122606.0
416300.0,411433.07
120800.0,116216.0
226300.0,221504.5
122200.0,121130.5
100000.0,97295.5
229500.0,234158.5
195800.0,87286.5
85000.0,245747.74
264700.0,196739.0
455500.0,422052.225
176000.0,170860.5
81100.0,91294.5
166400.0,184466.0
82600.0,83504.5
272200.0,233492.5
271100.0,288728.53
239400.0,261521.515
171800.0,177341.0
121800.0,90356.5
173600.0,147330.0
239300.0,218118.0
58800.0,71102.0
287500.0,214822.0
70700.0,123607.0
181700.0,190770.0
113700.0,122409.5
224100.0,225844.005
351300.0,394201.5
301300.0,323807.58
80700.0,181940.5
152600.0,166477.0
237400.0,246872.0
179400.0,198911.005
500001.0,457032.075
170200.0,215830.0
165300.0,148081.0
225900.0,252338.005
159700.0,159001.0
363500.0,394110.225
132100.0,148817.0
376800.0,433284.35
96900.0,95417.0
316200.0,402767.06
323800.0,334983.0
387500.0,458870.595
149100.0,153450.5
500001.0,500001.0
225000.0,168431.54
178800.0,194421.5
87500.0,97641.5
130100.0,110449.5
500001.0,450892.305
349000.0,293125.515
73000.0,75338.0
244700.0,316522.57
275400.0,249130.5
246200.0,235809.505
236200.0,241310.0
232200.0,322313.505
53300.0,85079.0
163100.0,161400.0
72400.0,78536.0
234500.0,212999.0
150000.0,141444.0
116100.0,117565.0
181300.0,175972.0
121000.0,140225.0
88700.0,116493.5
182500.0,190289.0
197400.0,209480.5
128100.0,126582.0
76500.0,97237.0
300000.0,311999.025
500001.0,448412.175
160300.0,155607.0
335600.0,333950.025
157600.0,142800.505
190600.0,209013.0
180800.0,263973.115
104200.0,98248.525
111800.0,128324.0
194100.0,197544.5
253800.0,337853.135
129500.0,220934.0
117600.0,115568.5
339800.0,369290.14
342900.0,375126.01
195500.0,190279.5
83800.0,80047.5
94200.0,102145.0
140600.0,127313.0
160900.0,228407.0
169300.0,186544.5
275900.0,270347.53
146200.0,168545.5
202300.0,194533.505
154000.0,166421.505
135500.0,145767.5
235900.0,242761.0
128800.0,121217.5
249600.0,211774.0
300000.0,273163.065
134100.0,163372.0
308600.0,391680.17
350000.0,340825.015
110800.0,138041.0
190800.0,204723.015
108800.0,124624.5
144400.0,150626.0
162900.0,168430.0
163900.0,175692.0
98000.0,90583.0
132700.0,148527.5
283100.0,243437.0
407200.0,353527.02
248200.0,272811.0
64500.0,87773.0
500001.0,331624.605
194400.0,259998.51
137500.0,169504.0
127300.0,145239.5
85300.0,76952.0
194900.0,198854.005
221100.0,215707.51
192200.0,184901.5
404500.0,387352.115
73500.0,78195.5
233700.0,196216.0
118800.0,104594.0
70000.0,88616.5
182800.0,188734.0
500001.0,499046.45
157700.0,156065.0
247900.0,215822.515
500001.0,424145.74
357900.0,273261.075
56900.0,66704.0
302400.0,325903.505
125400.0,139979.0
386400.0,290043.015
175600.0,165647.5
110500.0,107662.5
386700.0,458184.41
137500.0,140073.0
228700.0,275458.505
149400.0,180210.5
73700.0,73532.0
500001.0,297814.09
132100.0,113073.0
86500.0,102011.5
417900.0,311670.065
172600.0,162530.0
99700.0,82267.5
72500.0,124679.5
180800.0,238890.02
308400.0,264639.5
288300.0,302122.53
302200.0,245080.57
288800.0,366994.605
100000.0,115565.5
233000.0,215514.01
136900.0,154345.0
209400.0,270095.02
246600.0,285290.005
65200.0,65336.5
491200.0,346854.545
356700.0,343528.13
164300.0,194085.5
88200.0,84025.5
155900.0,141160.0
191700.0,156134.0
84400.0,167064.5
190100.0,225612.0
112500.0,88349.0
115200.0,164259.5
174600.0,187662.0
113500.0,144219.0
152400.0,216836.5
250300.0,209866.5
183700.0,200971.5
500001.0,379029.655
310900.0,325674.515
230600.0,211016.0
68500.0,64868.5
267400.0,322319.03
145300.0,193116.0
282000.0,298254.0
282100.0,136051.5
189800.0,250282.0
254400.0,236408.5
161700.0,171897.0
188800.0,170229.5
500001.0,321624.565
94400.0,98083.5
342800.0,347225.505
191500.0,257776.0
209600.0,228816.01
235000.0,231767.505
231400.0,320500.54
130200.0,162773.5
208200.0,225099.0
500001.0,499448.49
168600.0,177876.505
228100.0,236577.005
126900.0,158677.5
135500.0,149454.0
156700.0,151144.5
208600.0,196340.0
436700.0,253525.0
71000.0,49627.5
88800.0,93448.5
341600.0,377345.125
120200.0,108965.0
148200.0,142684.0
500001.0,439440.3
375000.0,259800.03
137500.0,114390.0
64800.0,109305.0
231800.0,276188.02
160700.0,159931.5
251000.0,243499.015
142500.0,226643.0
176500.0,174382.5
177100.0,204326.005
311800.0,359729.575
84600.0,133198.0
122600.0,128416.0
198200.0,198735.0
500000.0,380854.255
279800.0,358074.615
195000.0,220300.5
202800.0,188642.0
354100.0,328110.51
259500.0,217081.0
500001.0,285397.6
272400.0,284255.005
183900.0,211173.515
285800.0,268952.0
225000.0,279087.0
292600.0,279021.5
55200.0,51940.5
262000.0,176896.0
158900.0,169649.505
172100.0,178381.0
191700.0,198198.0
225000.0,228853.0
108300.0,121680.0
113600.0,101654.0
100000.0,128716.0
191700.0,241780.01
117200.0,87972.0
110600.0,101374.5
80200.0,89965.0
98100.0,125003.0
253800.0,281250.505
48100.0,52819.5
192800.0,156515.0
132800.0,131189.005
196300.0,177860.0
320800.0,257355.555
319400.0,309511.025
203700.0,265169.505
207100.0,262478.005
79900.0,114232.5
500001.0,425523.505
330000.0,248215.0
139000.0,172179.0
187500.0,199471.5
448300.0,271584.505
176300.0,181474.0
175900.0,108556.0
104200.0,101346.5
162200.0,155654.5
166800.0,185496.0
161200.0,159825.0
153100.0,184041.0
156900.0,152766.505
158100.0,181868.5
76900.0,68515.0
165400.0,176842.5
73500.0,165467.0
118400.0,88629.5
142400.0,138304.0
280300.0,292618.505
107200.0,142411.5
183300.0,168666.5
98800.0,74995.5
234500.0,201379.5
143500.0,182277.0
108000.0,151617.0
97800.0,102380.0
70500.0,79322.5
225900.0,177860.5
239800.0,281097.015
136400.0,202511.005
180600.0,186003.0
239600.0,250291.0
265700.0,269974.5
204200.0,189128.5
122500.0,152946.0
204000.0,322663.18
195300.0,206088.5
215800.0,237222.0
500001.0,373015.68
75800.0,77664.5
265400.0,294544.03
273700.0,373745.655
116400.0,113531.0
59400.0,71284.5
137000.0,118957.0
119200.0,76634.0
244200.0,243505.025
170000.0,192414.5
280300.0,321797.07
285000.0,311603.67
102600.0,193294.5
120500.0,107107.0
361600.0,389323.58
455300.0,419907.16
213400.0,220788.5
158000.0,198935.005
217000.0,192454.0
63700.0,62663.5
244300.0,298061.5
151100.0,165346.0
110800.0,115406.0
433800.0,480689.71
72900.0,94835.0
108500.0,134353.5
452600.0,431528.855
467600.0,486742.2
263300.0,211707.0
266800.0,239827.0
500001.0,498285.47
72300.0,69250.0
151500.0,167636.0
